"GEO_ID","NAME","B25002_001E","B25002_001M","B25002_002E","B25002_002M","B25002_003E","B25002_003M",
"Geography","Geographic Area Name","Estimate!!Total:","Margin of Error!!Total:","Estimate!!Total:!!Occupied","Margin of Error!!Total:!!Occupied","Estimate!!Total:!!Vacant","Margin of Error!!Total:!!Vacant",
"0500000US39035","Cuyahoga County, Ohio","615513","271","554173","1923","61340","1970",
"1400000US39035101101","Census Tract 1011.01; Cuyahoga County; Ohio","1131","149","977","160","154","56",
"1400000US39035101102","Census Tract 1011.02; Cuyahoga County; Ohio","2900","349","2545","375","355","160",
"1400000US39035101201","Census Tract 1012.01; Cuyahoga County; Ohio","1917","231","1656","240","261","123",
"1400000US39035101300","Census Tract 1013; Cuyahoga County; Ohio","1181","121","1019","119","162","76",
"1400000US39035101400","Census Tract 1014; Cuyahoga County; Ohio","925","84","675","110","250","94",
"1400000US39035101501","Census Tract 1015.01; Cuyahoga County; Ohio","996","99","847","111","149","67",
"1400000US39035101603","Census Tract 1016.03; Cuyahoga County; Ohio","1171","173","907","184","264","97",
"1400000US39035101700","Census Tract 1017; Cuyahoga County; Ohio","1485","428","1363","423","122","72",
"1400000US39035101800","Census Tract 1018; Cuyahoga County; Ohio","1190","168","938","164","252","92",
"1400000US39035101901","Census Tract 1019.01; Cuyahoga County; Ohio","692","94","558","90","134","66",
"1400000US39035102101","Census Tract 1021.01; Cuyahoga County; Ohio","1583","132","1387","122","196","94",
"1400000US39035102102","Census Tract 1021.02; Cuyahoga County; Ohio","1289","141","1192","151","97","73",
"1400000US39035102200","Census Tract 1022; Cuyahoga County; Ohio","1450","201","1293","195","157","99",
"1400000US39035102300","Census Tract 1023; Cuyahoga County; Ohio","944","147","748","157","196","82",
"1400000US39035102401","Census Tract 1024.01; Cuyahoga County; Ohio","797","138","640","129","157","70",
"1400000US39035102402","Census Tract 1024.02; Cuyahoga County; Ohio","1231","177","1080","190","151","94",
"1400000US39035102700","Census Tract 1027; Cuyahoga County; Ohio","1639","153","1374","180","265","121",
"1400000US39035102800","Census Tract 1028; Cuyahoga County; Ohio","757","127","634","134","123","60",
"1400000US39035102900","Census Tract 1029; Cuyahoga County; Ohio","793","69","667","78","126","53",
"1400000US39035103300","Census Tract 1033; Cuyahoga County; Ohio","1520","234","1302","240","218","119",
"1400000US39035103500","Census Tract 1035; Cuyahoga County; Ohio","968","81","761","99","207","71",
"1400000US39035103602","Census Tract 1036.02; Cuyahoga County; Ohio","2618","273","2224","270","394","182",
"1400000US39035103800","Census Tract 1038; Cuyahoga County; Ohio","875","102","629","114","246","69",
"1400000US39035104400","Census Tract 1044; Cuyahoga County; Ohio","825","92","734","88","91","67",
"1400000US39035104800","Census Tract 1048; Cuyahoga County; Ohio","863","96","734","105","129","70",
"1400000US39035105100","Census Tract 1051; Cuyahoga County; Ohio","1863","339","1534","360","329","129",
"1400000US39035105300","Census Tract 1053; Cuyahoga County; Ohio","1444","187","1185","191","259","117",
"1400000US39035105400","Census Tract 1054; Cuyahoga County; Ohio","1718","177","1351","232","367","130",
"1400000US39035105500","Census Tract 1055; Cuyahoga County; Ohio","1053","142","796","138","257","105",
"1400000US39035105602","Census Tract 1056.02; Cuyahoga County; Ohio","1124","222","879","195","245","96",
"1400000US39035105700","Census Tract 1057; Cuyahoga County; Ohio","2478","310","2129","297","349","224",
"1400000US39035105900","Census Tract 1059; Cuyahoga County; Ohio","1462","164","1207","175","255","115",
"1400000US39035106100","Census Tract 1061; Cuyahoga County; Ohio","1686","176","1686","176","0","13",
"1400000US39035106200","Census Tract 1062; Cuyahoga County; Ohio","1760","176","1667","181","93","71",
"1400000US39035106500","Census Tract 1065; Cuyahoga County; Ohio","1140","139","1060","151","80","67",
"1400000US39035106600","Census Tract 1066; Cuyahoga County; Ohio","1428","126","1294","142","134","86",
"1400000US39035106800","Census Tract 1068; Cuyahoga County; Ohio","1547","213","1253","221","294","126",
"1400000US39035106900","Census Tract 1069; Cuyahoga County; Ohio","1978","151","1634","187","344","149",
"1400000US39035107000","Census Tract 1070; Cuyahoga County; Ohio","790","89","769","76","21","34",
"1400000US39035107101","Census Tract 1071.01; Cuyahoga County; Ohio","2070","171","1782","157","288","170",
"1400000US39035107701","Census Tract 1077.01; Cuyahoga County; Ohio","4205","317","3380","304","825","237",
"1400000US39035107802","Census Tract 1078.02; Cuyahoga County; Ohio","2533","229","1982","258","551","235",
"1400000US39035108201","Census Tract 1082.01; Cuyahoga County; Ohio","1244","180","894","196","350","109",
"1400000US39035108301","Census Tract 1083.01; Cuyahoga County; Ohio","947","69","770","88","177","69",
"1400000US39035108400","Census Tract 1084; Cuyahoga County; Ohio","627","97","538","104","89","59",
"1400000US39035108701","Census Tract 1087.01; Cuyahoga County; Ohio","2097","264","1926","276","171","109",
"1400000US39035109301","Census Tract 1093.01; Cuyahoga County; Ohio","928","208","884","205","44","35",
"1400000US39035109701","Census Tract 1097.01; Cuyahoga County; Ohio","729","121","698","125","31","26",
"1400000US39035109801","Census Tract 1098.01; Cuyahoga County; Ohio","956","244","905","243","51","50",
"1400000US39035110901","Census Tract 1109.01; Cuyahoga County; Ohio","1280","278","1154","282","126","89",
"1400000US39035111202","Census Tract 1112.02; Cuyahoga County; Ohio","760","105","427","124","333","86",
"1400000US39035111401","Census Tract 1114.01; Cuyahoga County; Ohio","597","99","444","100","153","62",
"1400000US39035111700","Census Tract 1117; Cuyahoga County; Ohio","617","96","340","87","277","73",
"1400000US39035112100","Census Tract 1121; Cuyahoga County; Ohio","1092","193","887","208","205","86",
"1400000US39035112200","Census Tract 1122; Cuyahoga County; Ohio","410","97","310","80","100","66",
"1400000US39035112301","Census Tract 1123.01; Cuyahoga County; Ohio","860","262","815","258","45","41",
"1400000US39035114501","Census Tract 1145.01; Cuyahoga County; Ohio","493","68","371","67","122","70",
"1400000US39035114600","Census Tract 1146; Cuyahoga County; Ohio","653","206","566","201","87","43",
"1400000US39035114800","Census Tract 1148; Cuyahoga County; Ohio","930","138","886","143","44","36",
"1400000US39035115400","Census Tract 1154; Cuyahoga County; Ohio","1130","105","913","129","217","68",
"1400000US39035115700","Census Tract 1157; Cuyahoga County; Ohio","889","237","781","246","108","56",
"1400000US39035115800","Census Tract 1158; Cuyahoga County; Ohio","1208","177","1053","196","155","95",
"1400000US39035115900","Census Tract 1159; Cuyahoga County; Ohio","1689","178","1486","201","203","86",
"1400000US39035116300","Census Tract 1163; Cuyahoga County; Ohio","847","141","587","139","260","99",
"1400000US39035116400","Census Tract 1164; Cuyahoga County; Ohio","1245","148","940","150","305","116",
"1400000US39035116500","Census Tract 1165; Cuyahoga County; Ohio","1446","272","1240","280","206","104",
"1400000US39035116600","Census Tract 1166; Cuyahoga County; Ohio","1213","187","853","192","360","115",
"1400000US39035116700","Census Tract 1167; Cuyahoga County; Ohio","752","112","554","109","198","71",
"1400000US39035116800","Census Tract 1168; Cuyahoga County; Ohio","1191","189","761","159","430","158",
"1400000US39035116900","Census Tract 1169; Cuyahoga County; Ohio","986","295","704","306","282","98",
"1400000US39035117101","Census Tract 1171.01; Cuyahoga County; Ohio","1566","254","1231","251","335","152",
"1400000US39035117102","Census Tract 1171.02; Cuyahoga County; Ohio","554","81","404","98","150","63",
"1400000US39035117201","Census Tract 1172.01; Cuyahoga County; Ohio","2331","348","2079","355","252","144",
"1400000US39035117203","Census Tract 1172.03; Cuyahoga County; Ohio","1029","100","831","122","198","70",
"1400000US39035117300","Census Tract 1173; Cuyahoga County; Ohio","1138","132","799","124","339","89",
"1400000US39035117400","Census Tract 1174; Cuyahoga County; Ohio","749","112","615","102","134","75",
"1400000US39035117500","Census Tract 1175; Cuyahoga County; Ohio","1492","239","1156","225","336","136",
"1400000US39035117600","Census Tract 1176; Cuyahoga County; Ohio","1864","263","1651","257","213","139",
"1400000US39035117700","Census Tract 1177; Cuyahoga County; Ohio","2870","360","2518","399","352","230",
"1400000US39035117800","Census Tract 1178; Cuyahoga County; Ohio","1078","118","913","116","165","63",
"1400000US39035117900","Census Tract 1179; Cuyahoga County; Ohio","1385","158","1097","201","288","145",
"1400000US39035118101","Census Tract 1181.01; Cuyahoga County; Ohio","940","134","719","133","221","65",
"1400000US39035118200","Census Tract 1182; Cuyahoga County; Ohio","888","188","681","200","207","83",
"1400000US39035118301","Census Tract 1183.01; Cuyahoga County; Ohio","1156","158","936","169","220","99",
"1400000US39035118602","Census Tract 1186.02; Cuyahoga County; Ohio","1121","136","975","136","146","105",
"1400000US39035118800","Census Tract 1188; Cuyahoga County; Ohio","1999","169","1560","185","439","169",
"1400000US39035118900","Census Tract 1189; Cuyahoga County; Ohio","954","151","667","157","287","82",
"1400000US39035119401","Census Tract 1194.01; Cuyahoga County; Ohio","1531","342","1286","353","245","102",
"1400000US39035119402","Census Tract 1194.02; Cuyahoga County; Ohio","933","104","654","109","279","72",
"1400000US39035119501","Census Tract 1195.01; Cuyahoga County; Ohio","1781","179","1350","228","431","150",
"1400000US39035119502","Census Tract 1195.02; Cuyahoga County; Ohio","1407","181","1219","196","188","98",
"1400000US39035119600","Census Tract 1196; Cuyahoga County; Ohio","1166","154","1000","174","166","101",
"1400000US39035119701","Census Tract 1197.01; Cuyahoga County; Ohio","1216","210","1011","203","205","73",
"1400000US39035119702","Census Tract 1197.02; Cuyahoga County; Ohio","970","127","770","132","200","56",
"1400000US39035119800","Census Tract 1198; Cuyahoga County; Ohio","1514","292","1159","286","355","138",
"1400000US39035119900","Census Tract 1199; Cuyahoga County; Ohio","1335","169","986","183","349","147",
"1400000US39035120200","Census Tract 1202; Cuyahoga County; Ohio","937","109","694","111","243","96",
"1400000US39035120400","Census Tract 1204; Cuyahoga County; Ohio","940","130","720","144","220","102",
"1400000US39035120500","Census Tract 1205; Cuyahoga County; Ohio","849","113","697","110","152","76",
"1400000US39035120600","Census Tract 1206; Cuyahoga County; Ohio","1357","236","981","256","376","114",
"1400000US39035120701","Census Tract 1207.01; Cuyahoga County; Ohio","901","190","687","194","214","76",
"1400000US39035120702","Census Tract 1207.02; Cuyahoga County; Ohio","725","71","515","80","210","66",
"1400000US39035120801","Census Tract 1208.01; Cuyahoga County; Ohio","1060","164","885","169","175","138",
"1400000US39035120802","Census Tract 1208.02; Cuyahoga County; Ohio","1291","389","1067","386","224","85",
"1400000US39035121100","Census Tract 1211; Cuyahoga County; Ohio","931","90","720","116","211","80",
"1400000US39035121200","Census Tract 1212; Cuyahoga County; Ohio","843","233","632","246","211","80",
"1400000US39035121300","Census Tract 1213; Cuyahoga County; Ohio","1045","193","934","201","111","58",
"1400000US39035121401","Census Tract 1214.01; Cuyahoga County; Ohio","838","88","612","92","226","66",
"1400000US39035121403","Census Tract 1214.03; Cuyahoga County; Ohio","1152","204","959","202","193","116",
"1400000US39035121500","Census Tract 1215; Cuyahoga County; Ohio","1283","184","1024","172","259","134",
"1400000US39035121700","Census Tract 1217; Cuyahoga County; Ohio","1850","260","1616","266","234","108",
"1400000US39035121800","Census Tract 1218; Cuyahoga County; Ohio","919","179","848","192","71","51",
"1400000US39035121900","Census Tract 1219; Cuyahoga County; Ohio","620","91","524","96","96","59",
"1400000US39035122100","Census Tract 1221; Cuyahoga County; Ohio","1466","159","1351","163","115","91",
"1400000US39035122200","Census Tract 1222; Cuyahoga County; Ohio","883","130","783","137","100","51",
"1400000US39035122300","Census Tract 1223; Cuyahoga County; Ohio","940","172","885","176","55","38",
"1400000US39035123100","Census Tract 1231; Cuyahoga County; Ohio","1275","185","1268","185","7","12",
"1400000US39035123200","Census Tract 1232; Cuyahoga County; Ohio","1448","153","1381","170","67","76",
"1400000US39035123400","Census Tract 1234; Cuyahoga County; Ohio","1701","160","1591","162","110","81",
"1400000US39035123501","Census Tract 1235.01; Cuyahoga County; Ohio","1493","248","1340","228","153","98",
"1400000US39035123502","Census Tract 1235.02; Cuyahoga County; Ohio","1537","215","1375","250","162","81",
"1400000US39035123601","Census Tract 1236.01; Cuyahoga County; Ohio","1340","181","1295","187","45","49",
"1400000US39035123602","Census Tract 1236.02; Cuyahoga County; Ohio","1510","257","1459","266","51","50",
"1400000US39035123603","Census Tract 1236.03; Cuyahoga County; Ohio","1476","123","1361","127","115","83",
"1400000US39035123700","Census Tract 1237; Cuyahoga County; Ohio","1037","110","1029","111","8","12",
"1400000US39035123800","Census Tract 1238; Cuyahoga County; Ohio","964","96","924","85","40","46",
"1400000US39035123900","Census Tract 1239; Cuyahoga County; Ohio","1445","179","1265","163","180","135",
"1400000US39035124100","Census Tract 1241; Cuyahoga County; Ohio","2069","237","1945","261","124","110",
"1400000US39035124201","Census Tract 1242.01; Cuyahoga County; Ohio","1218","156","1142","178","76","83",
"1400000US39035124202","Census Tract 1242.02; Cuyahoga County; Ohio","795","67","720","83","75","57",
"1400000US39035124300","Census Tract 1243; Cuyahoga County; Ohio","1818","218","1629","204","189","117",
"1400000US39035124500","Census Tract 1245; Cuyahoga County; Ohio","1542","167","1481","169","61","63",
"1400000US39035124600","Census Tract 1246; Cuyahoga County; Ohio","1833","206","1630","204","203","103",
"1400000US39035126100","Census Tract 1261; Cuyahoga County; Ohio","1582","159","1308","190","274","125",
"1400000US39035127501","Census Tract 1275.01; Cuyahoga County; Ohio","1300","189","1027","206","273","103",
"1400000US39035130103","Census Tract 1301.03; Cuyahoga County; Ohio","1657","141","1616","141","41","43",
"1400000US39035130104","Census Tract 1301.04; Cuyahoga County; Ohio","1589","140","1530","147","59","50",
"1400000US39035130105","Census Tract 1301.05; Cuyahoga County; Ohio","1580","148","1540","151","40","48",
"1400000US39035130106","Census Tract 1301.06; Cuyahoga County; Ohio","1485","154","1418","155","67","63",
"1400000US39035131103","Census Tract 1311.03; Cuyahoga County; Ohio","1998","226","1873","203","125","124",
"1400000US39035131104","Census Tract 1311.04; Cuyahoga County; Ohio","3051","277","2453","323","598","255",
"1400000US39035131105","Census Tract 1311.05; Cuyahoga County; Ohio","1859","198","1716","191","143","119",
"1400000US39035132100","Census Tract 1321; Cuyahoga County; Ohio","2485","235","2039","283","446","210",
"1400000US39035132200","Census Tract 1322; Cuyahoga County; Ohio","1362","170","1204","135","158","132",
"1400000US39035132301","Census Tract 1323.01; Cuyahoga County; Ohio","2038","244","1892","268","146","144",
"1400000US39035132302","Census Tract 1323.02; Cuyahoga County; Ohio","1056","105","880","113","176","95",
"1400000US39035133103","Census Tract 1331.03; Cuyahoga County; Ohio","1669","141","1555","145","114","66",
"1400000US39035133104","Census Tract 1331.04; Cuyahoga County; Ohio","1954","282","1897","282","57","55",
"1400000US39035134100","Census Tract 1341; Cuyahoga County; Ohio","683","107","671","108","12","21",
"1400000US39035134203","Census Tract 1342.03; Cuyahoga County; Ohio","1228","112","1215","108","13","20",
"1400000US39035134204","Census Tract 1342.04; Cuyahoga County; Ohio","1800","197","1672","206","128","93",
"1400000US39035134205","Census Tract 1342.05; Cuyahoga County; Ohio","1096","120","1021","101","75","75",
"1400000US39035134206","Census Tract 1342.06; Cuyahoga County; Ohio","1396","159","1342","148","54","60",
"1400000US39035134300","Census Tract 1343; Cuyahoga County; Ohio","1142","131","1074","133","68","73",
"1400000US39035135103","Census Tract 1351.03; Cuyahoga County; Ohio","1367","184","1229","197","138","77",
"1400000US39035135104","Census Tract 1351.04; Cuyahoga County; Ohio","1609","142","1592","143","17","19",
"1400000US39035135105","Census Tract 1351.05; Cuyahoga County; Ohio","2302","264","1999","196","303","212",
"1400000US39035135106","Census Tract 1351.06; Cuyahoga County; Ohio","644","74","620","79","24","37",
"1400000US39035136101","Census Tract 1361.01; Cuyahoga County; Ohio","2866","198","2765","209","101","98",
"1400000US39035136103","Census Tract 1361.03; Cuyahoga County; Ohio","2466","272","2437","272","29","46",
"1400000US39035136104","Census Tract 1361.04; Cuyahoga County; Ohio","1545","246","1545","246","0","13",
"1400000US39035136105","Census Tract 1361.05; Cuyahoga County; Ohio","1964","185","1851","181","113","89",
"1400000US39035137101","Census Tract 1371.01; Cuyahoga County; Ohio","1276","125","1254","133","22","31",
"1400000US39035137102","Census Tract 1371.02; Cuyahoga County; Ohio","2148","223","1955","196","193","186",
"1400000US39035137103","Census Tract 1371.03; Cuyahoga County; Ohio","1829","175","1795","175","34","40",
"1400000US39035138105","Census Tract 1381.05; Cuyahoga County; Ohio","634","108","597","112","37","31",
"1400000US39035138106","Census Tract 1381.06; Cuyahoga County; Ohio","1285","192","1248","215","37","56",
"1400000US39035138107","Census Tract 1381.07; Cuyahoga County; Ohio","923","176","887","170","36","34",
"1400000US39035138108","Census Tract 1381.08; Cuyahoga County; Ohio","1729","178","1665","158","64","97",
"1400000US39035138109","Census Tract 1381.09; Cuyahoga County; Ohio","1969","167","1935","173","34","41",
"1400000US39035138110","Census Tract 1381.10; Cuyahoga County; Ohio","1762","204","1659","206","103","83",
"1400000US39035140100","Census Tract 1401; Cuyahoga County; Ohio","724","104","612","111","112","60",
"1400000US39035140301","Census Tract 1403.01; Cuyahoga County; Ohio","962","96","806","114","156","72",
"1400000US39035140302","Census Tract 1403.02; Cuyahoga County; Ohio","1210","136","1070","149","140","82",
"1400000US39035140400","Census Tract 1404; Cuyahoga County; Ohio","1454","179","1365","176","89","77",
"1400000US39035140500","Census Tract 1405; Cuyahoga County; Ohio","1639","168","1462","194","177","101",
"1400000US39035140600","Census Tract 1406; Cuyahoga County; Ohio","562","124","505","128","57","38",
"1400000US39035140701","Census Tract 1407.01; Cuyahoga County; Ohio","989","111","834","118","155","94",
"1400000US39035140702","Census Tract 1407.02; Cuyahoga County; Ohio","867","202","799","207","68","54",
"1400000US39035140800","Census Tract 1408; Cuyahoga County; Ohio","1741","162","1649","179","92","90",
"1400000US39035140900","Census Tract 1409; Cuyahoga County; Ohio","894","126","879","129","15","23",
"1400000US39035141000","Census Tract 1410; Cuyahoga County; Ohio","649","69","403","82","246","60",
"1400000US39035141100","Census Tract 1411; Cuyahoga County; Ohio","2701","193","2321","257","380","235",
"1400000US39035141200","Census Tract 1412; Cuyahoga County; Ohio","1658","185","1515","183","143","94",
"1400000US39035141300","Census Tract 1413; Cuyahoga County; Ohio","1011","165","953","172","58","42",
"1400000US39035141400","Census Tract 1414; Cuyahoga County; Ohio","1030","123","1009","127","21","30",
"1400000US39035141500","Census Tract 1415; Cuyahoga County; Ohio","836","103","764","111","72","33",
"1400000US39035141601","Census Tract 1416.01; Cuyahoga County; Ohio","750","70","679","65","71","56",
"1400000US39035141602","Census Tract 1416.02; Cuyahoga County; Ohio","643","73","616","82","27","33",
"1400000US39035141700","Census Tract 1417; Cuyahoga County; Ohio","660","57","639","64","21","32",
"1400000US39035150100","Census Tract 1501; Cuyahoga County; Ohio","1236","200","823","198","413","115",
"1400000US39035150300","Census Tract 1503; Cuyahoga County; Ohio","678","129","430","154","248","88",
"1400000US39035150400","Census Tract 1504; Cuyahoga County; Ohio","561","98","381","110","180","75",
"1400000US39035151200","Census Tract 1512; Cuyahoga County; Ohio","1311","242","1117","240","194","72",
"1400000US39035151300","Census Tract 1513; Cuyahoga County; Ohio","1238","149","1009","149","229","115",
"1400000US39035151500","Census Tract 1515; Cuyahoga County; Ohio","591","85","357","82","234","58",
"1400000US39035151600","Census Tract 1516; Cuyahoga County; Ohio","1130","176","840","182","290","82",
"1400000US39035151700","Census Tract 1517; Cuyahoga County; Ohio","625","163","449","170","176","55",
"1400000US39035151800","Census Tract 1518; Cuyahoga County; Ohio","798","110","563","117","235","69",
"1400000US39035152101","Census Tract 1521.01; Cuyahoga County; Ohio","1099","161","998","172","101","68",
"1400000US39035152102","Census Tract 1521.02; Cuyahoga County; Ohio","2275","346","2074","355","201","143",
"1400000US39035152201","Census Tract 1522.01; Cuyahoga County; Ohio","2404","321","2142","300","262","169",
"1400000US39035152202","Census Tract 1522.02; Cuyahoga County; Ohio","2141","248","2013","277","128","99",
"1400000US39035152301","Census Tract 1523.01; Cuyahoga County; Ohio","1754","219","1112","208","642","201",
"1400000US39035152302","Census Tract 1523.02; Cuyahoga County; Ohio","1871","257","1646","239","225","118",
"1400000US39035152303","Census Tract 1523.03; Cuyahoga County; Ohio","1930","247","1810","248","120","91",
"1400000US39035152400","Census Tract 1524; Cuyahoga County; Ohio","713","87","651","88","62","49",
"1400000US39035152501","Census Tract 1525.01; Cuyahoga County; Ohio","1923","240","1664","255","259","131",
"1400000US39035152502","Census Tract 1525.02; Cuyahoga County; Ohio","1159","196","1003","188","156","112",
"1400000US39035152605","Census Tract 1526.05; Cuyahoga County; Ohio","2834","251","2364","269","470","201",
"1400000US39035152701","Census Tract 1527.01; Cuyahoga County; Ohio","1581","181","1450","194","131","89",
"1400000US39035152702","Census Tract 1527.02; Cuyahoga County; Ohio","1241","185","1110","194","131","71",
"1400000US39035152703","Census Tract 1527.03; Cuyahoga County; Ohio","772","72","730","81","42","49",
"1400000US39035153103","Census Tract 1531.03; Cuyahoga County; Ohio","1094","92","1094","92","0","13",
"1400000US39035153104","Census Tract 1531.04; Cuyahoga County; Ohio","1430","186","1297","166","133","116",
"1400000US39035153105","Census Tract 1531.05; Cuyahoga County; Ohio","1914","143","1869","128","45","63",
"1400000US39035153106","Census Tract 1531.06; Cuyahoga County; Ohio","1708","212","1687","212","21","34",
"1400000US39035153107","Census Tract 1531.07; Cuyahoga County; Ohio","1990","203","1864","219","126","85",
"1400000US39035154100","Census Tract 1541; Cuyahoga County; Ohio","970","158","920","166","50","40",
"1400000US39035154200","Census Tract 1542; Cuyahoga County; Ohio","864","158","806","155","58","61",
"1400000US39035154400","Census Tract 1544; Cuyahoga County; Ohio","1301","175","1166","207","135","90",
"1400000US39035154501","Census Tract 1545.01; Cuyahoga County; Ohio","1592","180","1399","191","193","127",
"1400000US39035154502","Census Tract 1545.02; Cuyahoga County; Ohio","1495","235","1495","235","0","13",
"1400000US39035154601","Census Tract 1546.01; Cuyahoga County; Ohio","2009","190","1802","210","207","121",
"1400000US39035154603","Census Tract 1546.03; Cuyahoga County; Ohio","1328","316","1205","330","123","93",
"1400000US39035154604","Census Tract 1546.04; Cuyahoga County; Ohio","1584","181","1471","184","113","79",
"1400000US39035155101","Census Tract 1551.01; Cuyahoga County; Ohio","2287","180","2248","179","39","64",
"1400000US39035155102","Census Tract 1551.02; Cuyahoga County; Ohio","1308","154","1233","150","75","68",
"1400000US39035156101","Census Tract 1561.01; Cuyahoga County; Ohio","609","90","578","95","31","27",
"1400000US39035156102","Census Tract 1561.02; Cuyahoga County; Ohio","2641","191","2550","162","91","96",
"1400000US39035160100","Census Tract 1601; Cuyahoga County; Ohio","834","119","770","117","64","45",
"1400000US39035160200","Census Tract 1602; Cuyahoga County; Ohio","1328","216","1203","227","125","84",
"1400000US39035160300","Census Tract 1603; Cuyahoga County; Ohio","972","136","920","142","52","40",
"1400000US39035160400","Census Tract 1604; Cuyahoga County; Ohio","1816","233","1688","237","128","70",
"1400000US39035160500","Census Tract 1605; Cuyahoga County; Ohio","2367","298","2180","274","187","126",
"1400000US39035160602","Census Tract 1606.02; Cuyahoga County; Ohio","1749","160","1541","182","208","110",
"1400000US39035160603","Census Tract 1606.03; Cuyahoga County; Ohio","1225","161","1097","189","128","94",
"1400000US39035160604","Census Tract 1606.04; Cuyahoga County; Ohio","2932","305","2682","350","250","177",
"1400000US39035160900","Census Tract 1609; Cuyahoga County; Ohio","1874","129","1737","131","137","92",
"1400000US39035161000","Census Tract 1610; Cuyahoga County; Ohio","799","81","790","81","9","11",
"1400000US39035161100","Census Tract 1611; Cuyahoga County; Ohio","1707","112","1565","135","142","86",
"1400000US39035161200","Census Tract 1612; Cuyahoga County; Ohio","1496","178","1393","154","103","109",
"1400000US39035161300","Census Tract 1613; Cuyahoga County; Ohio","1504","226","1418","225","86","71",
"1400000US39035161400","Census Tract 1614; Cuyahoga County; Ohio","1633","182","1493","203","140","77",
"1400000US39035161500","Census Tract 1615; Cuyahoga County; Ohio","1978","143","1783","150","195","104",
"1400000US39035161600","Census Tract 1616; Cuyahoga County; Ohio","1109","81","979","124","130","84",
"1400000US39035161900","Census Tract 1619; Cuyahoga County; Ohio","1681","123","1513","133","168","99",
"1400000US39035170101","Census Tract 1701.01; Cuyahoga County; Ohio","1738","268","1678","274","60","43",
"1400000US39035170102","Census Tract 1701.02; Cuyahoga County; Ohio","2067","173","2012","173","55","69",
"1400000US39035170201","Census Tract 1702.01; Cuyahoga County; Ohio","1450","171","1128","163","322","153",
"1400000US39035170202","Census Tract 1702.02; Cuyahoga County; Ohio","2118","248","1976","225","142","116",
"1400000US39035171102","Census Tract 1711.02; Cuyahoga County; Ohio","1973","223","1842","227","131","122",
"1400000US39035171103","Census Tract 1711.03; Cuyahoga County; Ohio","1498","180","1247","172","251","124",
"1400000US39035171104","Census Tract 1711.04; Cuyahoga County; Ohio","1970","225","1929","235","41","58",
"1400000US39035171203","Census Tract 1712.03; Cuyahoga County; Ohio","1454","353","1371","343","83","74",
"1400000US39035171204","Census Tract 1712.04; Cuyahoga County; Ohio","854","149","731","146","123","76",
"1400000US39035171205","Census Tract 1712.05; Cuyahoga County; Ohio","1266","193","1167","206","99","72",
"1400000US39035171206","Census Tract 1712.06; Cuyahoga County; Ohio","1026","123","947","122","79","75",
"1400000US39035172101","Census Tract 1721.01; Cuyahoga County; Ohio","1078","90","1071","89","7","11",
"1400000US39035172102","Census Tract 1721.02; Cuyahoga County; Ohio","1692","205","1672","205","20","26",
"1400000US39035172104","Census Tract 1721.04; Cuyahoga County; Ohio","904","204","759","225","145","114",
"1400000US39035172105","Census Tract 1721.05; Cuyahoga County; Ohio","2267","216","2211","218","56","87",
"1400000US39035172201","Census Tract 1722.01; Cuyahoga County; Ohio","1736","216","1670","218","66","65",
"1400000US39035172202","Census Tract 1722.02; Cuyahoga County; Ohio","2688","343","2624","324","64","71",
"1400000US39035173103","Census Tract 1731.03; Cuyahoga County; Ohio","1421","241","1421","241","0","13",
"1400000US39035173104","Census Tract 1731.04; Cuyahoga County; Ohio","2162","140","2116","160","46","72",
"1400000US39035173105","Census Tract 1731.05; Cuyahoga County; Ohio","949","86","919","84","30","34",
"1400000US39035173106","Census Tract 1731.06; Cuyahoga County; Ohio","1948","194","1814","190","134","96",
"1400000US39035173107","Census Tract 1731.07; Cuyahoga County; Ohio","1206","199","1173","206","33","39",
"1400000US39035174103","Census Tract 1741.03; Cuyahoga County; Ohio","1171","158","1163","159","8","13",
"1400000US39035174104","Census Tract 1741.04; Cuyahoga County; Ohio","874","94","848","92","26","34",
"1400000US39035174105","Census Tract 1741.05; Cuyahoga County; Ohio","1128","152","1082","158","46","54",
"1400000US39035174106","Census Tract 1741.06; Cuyahoga County; Ohio","1330","88","1295","94","35","46",
"1400000US39035174107","Census Tract 1741.07; Cuyahoga County; Ohio","1806","244","1773","246","33","49",
"1400000US39035174203","Census Tract 1742.03; Cuyahoga County; Ohio","1199","86","1164","102","35","41",
"1400000US39035174204","Census Tract 1742.04; Cuyahoga County; Ohio","1467","209","1335","226","132","109",
"1400000US39035174205","Census Tract 1742.05; Cuyahoga County; Ohio","2382","224","2274","216","108","109",
"1400000US39035174206","Census Tract 1742.06; Cuyahoga County; Ohio","1150","112","1102","121","48","52",
"1400000US39035174207","Census Tract 1742.07; Cuyahoga County; Ohio","1446","106","1374","124","72","75",
"1400000US39035175105","Census Tract 1751.05; Cuyahoga County; Ohio","1904","199","1883","201","21","33",
"1400000US39035175106","Census Tract 1751.06; Cuyahoga County; Ohio","1112","125","1050","86","62","90",
"1400000US39035175107","Census Tract 1751.07; Cuyahoga County; Ohio","1400","174","1390","172","10","15",
"1400000US39035175108","Census Tract 1751.08; Cuyahoga County; Ohio","1806","251","1538","236","268","196",
"1400000US39035175109","Census Tract 1751.09; Cuyahoga County; Ohio","991","198","944","196","47","46",
"1400000US39035175110","Census Tract 1751.10; Cuyahoga County; Ohio","2670","358","2588","357","82","85",
"1400000US39035175201","Census Tract 1752.01; Cuyahoga County; Ohio","2986","261","2788","286","198","148",
"1400000US39035175202","Census Tract 1752.02; Cuyahoga County; Ohio","1638","292","1496","297","142","73",
"1400000US39035176100","Census Tract 1761; Cuyahoga County; Ohio","940","123","908","125","32","32",
"1400000US39035176200","Census Tract 1762; Cuyahoga County; Ohio","2576","221","2480","211","96","103",
"1400000US39035177101","Census Tract 1771.01; Cuyahoga County; Ohio","2269","277","2122","283","147","117",
"1400000US39035177103","Census Tract 1771.03; Cuyahoga County; Ohio","2025","195","1995","195","30","50",
"1400000US39035177104","Census Tract 1771.04; Cuyahoga County; Ohio","1424","108","1376","119","48","49",
"1400000US39035177201","Census Tract 1772.01; Cuyahoga County; Ohio","1619","138","1551","149","68","75",
"1400000US39035177202","Census Tract 1772.02; Cuyahoga County; Ohio","1387","114","1316","117","71","66",
"1400000US39035177302","Census Tract 1773.02; Cuyahoga County; Ohio","1125","101","1087","105","38","39",
"1400000US39035177303","Census Tract 1773.03; Cuyahoga County; Ohio","2408","260","2356","251","52","85",
"1400000US39035177304","Census Tract 1773.04; Cuyahoga County; Ohio","1758","152","1691","143","67","75",
"1400000US39035177403","Census Tract 1774.03; Cuyahoga County; Ohio","1366","141","1200","129","166","148",
"1400000US39035177404","Census Tract 1774.04; Cuyahoga County; Ohio","1249","154","1172","155","77","72",
"1400000US39035177405","Census Tract 1774.05; Cuyahoga County; Ohio","2086","286","2021","290","65","57",
"1400000US39035177406","Census Tract 1774.06; Cuyahoga County; Ohio","1577","120","1486","145","91","89",
"1400000US39035177501","Census Tract 1775.01; Cuyahoga County; Ohio","1991","215","1876","226","115","72",
"1400000US39035177503","Census Tract 1775.03; Cuyahoga County; Ohio","1528","180","1416","171","112","99",
"1400000US39035177504","Census Tract 1775.04; Cuyahoga County; Ohio","1744","159","1602","161","142","84",
"1400000US39035177505","Census Tract 1775.05; Cuyahoga County; Ohio","1856","187","1820","184","36","44",
"1400000US39035177604","Census Tract 1776.04; Cuyahoga County; Ohio","869","99","863","100","6","9",
"1400000US39035177605","Census Tract 1776.05; Cuyahoga County; Ohio","1094","100","1036","113","58","54",
"1400000US39035177606","Census Tract 1776.06; Cuyahoga County; Ohio","1598","132","1554","123","44","55",
"1400000US39035177607","Census Tract 1776.07; Cuyahoga County; Ohio","1668","162","1597","191","71","66",
"1400000US39035177608","Census Tract 1776.08; Cuyahoga County; Ohio","3037","495","2783","484","254","186",
"1400000US39035177609","Census Tract 1776.09; Cuyahoga County; Ohio","800","67","720","73","80","41",
"1400000US39035178101","Census Tract 1781.01; Cuyahoga County; Ohio","1330","173","1268","176","62","67",
"1400000US39035178102","Census Tract 1781.02; Cuyahoga County; Ohio","2181","231","2137","220","44","71",
"1400000US39035178201","Census Tract 1782.01; Cuyahoga County; Ohio","1675","202","1493","190","182","162",
"1400000US39035178204","Census Tract 1782.04; Cuyahoga County; Ohio","2400","203","2317","220","83","91",
"1400000US39035178205","Census Tract 1782.05; Cuyahoga County; Ohio","725","85","690","78","35","41",
"1400000US39035178206","Census Tract 1782.06; Cuyahoga County; Ohio","1288","151","1288","151","0","13",
"1400000US39035179101","Census Tract 1791.01; Cuyahoga County; Ohio","1631","108","1593","101","38","52",
"1400000US39035179102","Census Tract 1791.02; Cuyahoga County; Ohio","1064","101","989","102","75","63",
"1400000US39035180102","Census Tract 1801.02; Cuyahoga County; Ohio","1980","219","1926","228","54","52",
"1400000US39035180103","Census Tract 1801.03; Cuyahoga County; Ohio","1427","186","1427","186","0","13",
"1400000US39035180104","Census Tract 1801.04; Cuyahoga County; Ohio","2119","197","1689","232","430","150",
"1400000US39035181100","Census Tract 1811; Cuyahoga County; Ohio","3194","329","2997","347","197","141",
"1400000US39035181201","Census Tract 1812.01; Cuyahoga County; Ohio","3111","240","2771","234","340","171",
"1400000US39035181203","Census Tract 1812.03; Cuyahoga County; Ohio","1426","121","1337","124","89","63",
"1400000US39035181204","Census Tract 1812.04; Cuyahoga County; Ohio","2716","251","2648","234","68","77",
"1400000US39035182103","Census Tract 1821.03; Cuyahoga County; Ohio","1210","119","1143","104","67","69",
"1400000US39035182104","Census Tract 1821.04; Cuyahoga County; Ohio","1010","97","960","102","50","59",
"1400000US39035182105","Census Tract 1821.05; Cuyahoga County; Ohio","1413","90","1397","90","16","22",
"1400000US39035182106","Census Tract 1821.06; Cuyahoga County; Ohio","1376","124","1365","126","11","16",
"1400000US39035183100","Census Tract 1831; Cuyahoga County; Ohio","1727","280","1699","274","28","45",
"1400000US39035183200","Census Tract 1832; Cuyahoga County; Ohio","1024","159","984","160","40","37",
"1400000US39035183300","Census Tract 1833; Cuyahoga County; Ohio","1724","145","1706","147","18","23",
"1400000US39035183401","Census Tract 1834.01; Cuyahoga County; Ohio","861","74","750","66","111","82",
"1400000US39035183402","Census Tract 1834.02; Cuyahoga County; Ohio","835","111","800","128","35","39",
"1400000US39035183501","Census Tract 1835.01; Cuyahoga County; Ohio","2053","280","1768","310","285","129",
"1400000US39035183502","Census Tract 1835.02; Cuyahoga County; Ohio","1785","220","1613","234","172","90",
"1400000US39035183603","Census Tract 1836.03; Cuyahoga County; Ohio","732","214","690","218","42","39",
"1400000US39035183604","Census Tract 1836.04; Cuyahoga County; Ohio","1301","199","1039","209","262","97",
"1400000US39035183605","Census Tract 1836.05; Cuyahoga County; Ohio","1312","103","1203","98","109","83",
"1400000US39035183606","Census Tract 1836.06; Cuyahoga County; Ohio","851","107","777","116","74","51",
"1400000US39035184103","Census Tract 1841.03; Cuyahoga County; Ohio","1758","216","1707","198","51","77",
"1400000US39035184104","Census Tract 1841.04; Cuyahoga County; Ohio","726","93","688","90","38","36",
"1400000US39035184105","Census Tract 1841.05; Cuyahoga County; Ohio","1656","127","1620","130","36","41",
"1400000US39035184106","Census Tract 1841.06; Cuyahoga County; Ohio","954","123","896","106","58","67",
"1400000US39035184108","Census Tract 1841.08; Cuyahoga County; Ohio","2692","252","2668","251","24","37",
"1400000US39035185101","Census Tract 1851.01; Cuyahoga County; Ohio","1211","130","1125","155","86","61",
"1400000US39035185102","Census Tract 1851.02; Cuyahoga County; Ohio","1253","160","1155","180","98","80",
"1400000US39035185103","Census Tract 1851.03; Cuyahoga County; Ohio","1053","133","941","153","112","64",
"1400000US39035185104","Census Tract 1851.04; Cuyahoga County; Ohio","1556","150","1467","162","89","70",
"1400000US39035185201","Census Tract 1852.01; Cuyahoga County; Ohio","796","149","791","149","5","8",
"1400000US39035185202","Census Tract 1852.02; Cuyahoga County; Ohio","2175","193","1941","242","234","144",
"1400000US39035185203","Census Tract 1852.03; Cuyahoga County; Ohio","1319","139","1319","139","0","13",
"1400000US39035186103","Census Tract 1861.03; Cuyahoga County; Ohio","2151","247","2034","245","117","110",
"1400000US39035186104","Census Tract 1861.04; Cuyahoga County; Ohio","1213","276","1204","277","9","16",
"1400000US39035186105","Census Tract 1861.05; Cuyahoga County; Ohio","1672","222","1645","228","27","42",
"1400000US39035186106","Census Tract 1861.06; Cuyahoga County; Ohio","2639","271","2575","283","64","71",
"1400000US39035186107","Census Tract 1861.07; Cuyahoga County; Ohio","2711","224","2656","207","55","68",
"1400000US39035186201","Census Tract 1862.01; Cuyahoga County; Ohio","2296","199","2249","208","47","74",
"1400000US39035186202","Census Tract 1862.02; Cuyahoga County; Ohio","1719","150","1584","154","135","68",
"1400000US39035186203","Census Tract 1862.03; Cuyahoga County; Ohio","1485","188","1485","188","0","13",
"1400000US39035186205","Census Tract 1862.05; Cuyahoga County; Ohio","2171","204","2118","211","53","45",
"1400000US39035186206","Census Tract 1862.06; Cuyahoga County; Ohio","1539","120","1495","135","44","51",
"1400000US39035187103","Census Tract 1871.03; Cuyahoga County; Ohio","1338","145","1248","143","90","82",
"1400000US39035187104","Census Tract 1871.04; Cuyahoga County; Ohio","1421","142","1314","135","107","81",
"1400000US39035187105","Census Tract 1871.05; Cuyahoga County; Ohio","958","153","929","154","29","36",
"1400000US39035187106","Census Tract 1871.06; Cuyahoga County; Ohio","1318","98","1270","106","48","42",
"1400000US39035188103","Census Tract 1881.03; Cuyahoga County; Ohio","1334","187","1239","172","95","84",
"1400000US39035188106","Census Tract 1881.06; Cuyahoga County; Ohio","1123","181","1091","187","32","42",
"1400000US39035188107","Census Tract 1881.07; Cuyahoga County; Ohio","1482","222","1174","237","308","122",
"1400000US39035189105","Census Tract 1891.05; Cuyahoga County; Ohio","1691","168","1657","175","34","45",
"1400000US39035189107","Census Tract 1891.07; Cuyahoga County; Ohio","2187","178","2133","194","54","70",
"1400000US39035189108","Census Tract 1891.08; Cuyahoga County; Ohio","2129","188","2020","207","109","98",
"1400000US39035189109","Census Tract 1891.09; Cuyahoga County; Ohio","1786","193","1733","190","53","61",
"1400000US39035189110","Census Tract 1891.10; Cuyahoga County; Ohio","2507","299","2302","303","205","156",
"1400000US39035189111","Census Tract 1891.11; Cuyahoga County; Ohio","3750","238","3091","270","659","246",
"1400000US39035189112","Census Tract 1891.12; Cuyahoga County; Ohio","1731","247","1638","258","93","73",
"1400000US39035190502","Census Tract 1905.02; Cuyahoga County; Ohio","1433","199","1284","204","149","89",
"1400000US39035190503","Census Tract 1905.03; Cuyahoga County; Ohio","677","107","658","110","19","21",
"1400000US39035190505","Census Tract 1905.05; Cuyahoga County; Ohio","2183","207","2183","207","0","18",
"1400000US39035190506","Census Tract 1905.06; Cuyahoga County; Ohio","2215","315","2108","291","107","120",
"1400000US39035192300","Census Tract 1923; Cuyahoga County; Ohio","605","54","582","57","23","23",
"1400000US39035192800","Census Tract 1928; Cuyahoga County; Ohio","818","99","699","93","119","52",
"1400000US39035192900","Census Tract 1929; Cuyahoga County; Ohio","843","145","801","143","42","25",
"1400000US39035194100","Census Tract 1941; Cuyahoga County; Ohio","964","160","933","159","31","27",
"1400000US39035194300","Census Tract 1943; Cuyahoga County; Ohio","1461","116","1370","87","91","71",
"1400000US39035194500","Census Tract 1945; Cuyahoga County; Ohio","878","61","826","73","52","41",
"1400000US39035195600","Census Tract 1956; Cuyahoga County; Ohio","2370","337","2256","359","114","120",
"1400000US39035195700","Census Tract 1957; Cuyahoga County; Ohio","1643","170","1553","157","90","64",
"1400000US39035195800","Census Tract 1958; Cuyahoga County; Ohio","1564","180","1463","186","101","66",
"1400000US39035195900","Census Tract 1959; Cuyahoga County; Ohio","2118","107","2002","116","116","75",
"1400000US39035196000","Census Tract 1960; Cuyahoga County; Ohio","922","114","789","123","133","81",
"1400000US39035196100","Census Tract 1961; Cuyahoga County; Ohio","1262","206","1132","210","130","60",
"1400000US39035196200","Census Tract 1962; Cuyahoga County; Ohio","1961","364","1722","390","239","141",
"1400000US39035196300","Census Tract 1963; Cuyahoga County; Ohio","1872","126","1673","124","199","89",
"1400000US39035196400","Census Tract 1964; Cuyahoga County; Ohio","1254","144","1170","146","84","63",
"1400000US39035196800","Census Tract 1968; Cuyahoga County; Ohio","1300","118","1099","111","201","105",
"1400000US39035197000","Census Tract 1970; Cuyahoga County; Ohio","1687","181","1618","180","69","48",
"1400000US39035197100","Census Tract 1971; Cuyahoga County; Ohio","1765","126","1662","121","103","50",
"1400000US39035197200","Census Tract 1972; Cuyahoga County; Ohio","1194","212","984","199","210","104",
"1400000US39035197300","Census Tract 1973; Cuyahoga County; Ohio","1969","277","1817","296","152","80",
"1400000US39035197400","Census Tract 1974; Cuyahoga County; Ohio","1883","173","1726","197","157","99",
"1400000US39035197500","Census Tract 1975; Cuyahoga County; Ohio","2319","263","1988","282","331","114",
"1400000US39035197600","Census Tract 1976; Cuyahoga County; Ohio","1659","136","1260","175","399","117",
"1400000US39035197700","Census Tract 1977; Cuyahoga County; Ohio","1867","222","1650","245","217","95",
"1400000US39035197800","Census Tract 1978; Cuyahoga County; Ohio","2119","146","1823","175","296","101",
"1400000US39035197900","Census Tract 1979; Cuyahoga County; Ohio","818","116","647","126","171","70",
"1400000US39035198000","Census Tract 1980; Cuyahoga County; Ohio","1125","128","926","131","199","106",
"1400000US39035198100","Census Tract 1981; Cuyahoga County; Ohio","1096","106","998","116","98","48",
"1400000US39035198200","Census Tract 1982; Cuyahoga County; Ohio","1827","344","1642","365","185","103",
"1400000US39035198300","Census Tract 1983; Cuyahoga County; Ohio","2141","184","1951","206","190","115",
"1400000US39035198400","Census Tract 1984; Cuyahoga County; Ohio","1401","282","1283","292","118","69",
"1400000US39035198500","Census Tract 1985; Cuyahoga County; Ohio","884","112","677","109","207","67",
"1400000US39035198600","Census Tract 1986; Cuyahoga County; Ohio","2434","225","2152","254","282","134",
"1400000US39035198700","Census Tract 1987; Cuyahoga County; Ohio","1231","136","969","116","262","129",
"1400000US39035198800","Census Tract 1988; Cuyahoga County; Ohio","1008","164","797","145","211","80",
"1400000US39035198900","Census Tract 1989; Cuyahoga County; Ohio","1266","203","766","198","500","126",
"1400000US39035199000","Census Tract 1990; Cuyahoga County; Ohio","736","112","545","116","191","84",
"1400000US39035199100","Census Tract 1991; Cuyahoga County; Ohio","1166","142","848","143","318","109",
"1400000US39035199200","Census Tract 1992; Cuyahoga County; Ohio","861","121","682","128","179","61",
"1400000US39035199300","Census Tract 1993; Cuyahoga County; Ohio","1380","153","777","182","603","157",
"1400000US39035980100","Census Tract 9801; Cuyahoga County; Ohio","0","13","0","13","0","13",
"1400000US39035980200","Census Tract 9802; Cuyahoga County; Ohio","0","13","0","13","0","13",
"1400000US39035980500","Census Tract 9805; Cuyahoga County; Ohio","0","13","0","13","0","13",
"1400000US39035980900","Census Tract 9809; Cuyahoga County; Ohio","0","13","0","13","0","13",
"1400000US39035981000","Census Tract 9810; Cuyahoga County; Ohio","0","13","0","13","0","13",
"1400000US39035981100","Census Tract 9811; Cuyahoga County; Ohio","0","13","0","13","0","13",
"1400000US39035990000","Census Tract 9900; Cuyahoga County; Ohio","0","13","0","13","0","13",
